y,ba,ca,sr,cd,ti,zr,sn,hf,,features,hf,rA,rB,t,tA.B,TA.B,dA.O,dB.O,ao,AO,AEN,BEN,en,EN,AEN.P,BEN.P,enp,ENP,AEN.MB,BEN.MB,enmb,ENMB,DA,DB,d,D,ACVW,BCVW,cvw,CVW,AEVW,BEVW,evw,EVW,AD,BD,d1,D1,AEC,BEC,ec,EC,ATC,BTC,tc,TC,AHA,BHA,ha,HA,AHF,BHF,hf0,HF,AEA,BEA,ea,EA,AAV,BAV,av,AV,AP,BP,p,P,AAR,BAR,ar,AR,AAN,BAN,an,AN,ARAM,BRAM,ram,RAM,APE,BPE,pe,PE,NCT,NTO,ZeffA,ZeffB,z,Z,TEA,TEB,te,TE
0.095,98,0,0,2,100,0,0,0,,,0,160.4,60.5,1.059435981,9704.2,2.651239669,228.228,181.5,41423.382,1.257454545,243.86,345,84131.7,0.70684058,90.6,154,13952.4,0.588311688,108.64,186,20207.04,0.584086022,5.6,25,140,0.224,269,215,57835,1.251162791,303.64,244,74088.16,1.24442623,372.06,450,167427,0.8268,3224.9,2400,7739760,1.343708333,1996.4,2190,4372116,0.911598174,17864,46990,839429360,0.380165993,710.18,1415,1004904.7,0.501893993,50998.522,65899.5,3360777101,0.773883292,3744,1062.3,3977251.2,3.524428128,3905,1460,5701300,2.674657534,22256,14700,327163200,1.514013605,5584,2200,12284800,2.538181818,13682.868,4786.7,65495784.26,2.858517977,598,400,239200,1.495,0,0,774.6,814,630524.4,0.951597052,2080.4,860,1789144,2.419069767
0.12,95,0,0,5,100,0,0,0,,,0,159.5,60.5,1.056261905,9649.75,2.636363636,227.07,181.5,41213.205,1.25107438,249.65,345,86129.25,0.723623188,93,154,14322,0.603896104,109.6,186,20385.6,0.589247312,6.5,25,162.5,0.26,267.5,215,57512.5,1.244186047,301.6,244,73590.4,1.236065574,387.15,450,174217.5,0.860333333,3547.25,2400,8513400,1.478020833,2231,2190,4885890,1.018721461,17660,46990,829843400,0.375824644,707.45,1415,1001041.75,0.499964664,52092.955,65899.5,3432899688,0.790490899,3669,1062.3,3897578.7,3.453826603,3807.5,1460,5558950,2.607876712,22040,14700,323988000,1.499319728,5560,2200,12232000,2.527272727,13608.12,4786.7,65137988,2.842902208,595,400,238000,1.4875,0,0,799.5,814,650793,0.982186732,2111,860,1815460,2.454651163
0.089,90,0,0,10,100,0,0,0,,,0,158,60.5,1.050971779,9559,2.611570248,225.14,181.5,40862.91,1.240440771,259.3,345,89458.5,0.751594203,97,154,14938,0.62987013,111.2,186,20683.2,0.597849462,8,25,200,0.32,265,215,56975,1.23255814,298.2,244,72760.8,1.222131148,412.3,450,185535,0.916222222,4084.5,2400,9802800,1.701875,2622,2190,5742180,1.197260274,17320,46990,813866800,0.368589062,702.9,1415,994603.5,0.496749117,53917.01,65899.5,3553104000,0.818170244,3544,1062.3,3764791.2,3.336157394,3645,1460,5321700,2.496575342,21680,14700,318696000,1.474829932,5520,2200,12144000,2.509090909,13483.54,4786.7,64541660.92,2.816875927,590,400,236000,1.475,0,0,841,814,684574,1.033169533,2162,860,1859320,2.513953488
0.069,85,0,0,15,100,0,0,0,,,0,156.5,60.5,1.045681652,9468.25,2.58677686,223.21,181.5,40512.615,1.229807163,268.95,345,92787.75,0.779565217,101,154,15554,0.655844156,112.8,186,20980.8,0.606451613,9.5,25,237.5,0.38,262.5,215,56437.5,1.220930233,294.8,244,71931.2,1.208196721,437.45,450,196852.5,0.972111111,4621.75,2400,11092200,1.925729167,3013,2190,6598470,1.375799087,16980,46990,797890200,0.361353479,698.35,1415,988165.25,0.493533569,55741.065,65899.5,3673308313,0.845849589,3419,1062.3,3632003.7,3.218488186,3482.5,1460,5084450,2.385273973,21320,14700,313404000,1.450340136,5480,2200,12056000,2.490909091,13358.96,4786.7,63945333.83,2.790849646,585,400,234000,1.4625,0,0,882.5,814,718355,1.084152334,2213,860,1903180,2.573255814
0.02,80,0,0,20,100,0,0,0,,,0,155,60.5,1.040391526,9377.5,2.561983471,221.28,181.5,40162.32,1.219173554,278.6,345,96117,0.807536232,105,154,16170,0.681818182,114.4,186,21278.4,0.615053763,11,25,275,0.44,260,215,55900,1.209302326,291.4,244,71101.6,1.194262295,462.6,450,208170,1.028,5159,2400,12381600,2.149583333,3404,2190,7454760,1.5543379,16640,46990,781913600,0.354117897,693.8,1415,981727,0.490318021,57565.12,65899.5,3793512625,0.873528934,3294,1062.3,3499216.2,3.100818978,3320,1460,4847200,2.273972603,20960,14700,308112000,1.42585034,5440,2200,11968000,2.472727273,13234.38,4786.7,63349006.75,2.764823365,580,400,232000,1.45,0,0,924,814,752136,1.135135135,2264,860,1947040,2.63255814
0.059,75,0,0,25,100,0,0,0,,,0,153.5,60.5,1.035101399,9286.75,2.537190083,219.35,181.5,39812.025,1.208539945,288.25,345,99446.25,0.835507246,109,154,16786,0.707792208,116,186,21576,0.623655914,12.5,25,312.5,0.5,257.5,215,55362.5,1.197674419,288,244,70272,1.180327869,487.75,450,219487.5,1.083888889,5696.25,2400,13671000,2.3734375,3795,2190,8311050,1.732876712,16300,46990,765937000,0.346882315,689.25,1415,975288.75,0.487102473,59389.175,65899.5,3913716938,0.901208279,3169,1062.3,3366428.7,2.983149769,3157.5,1460,4609950,2.162671233,20600,14700,302820000,1.401360544,5400,2200,11880000,2.454545455,13109.8,4786.7,62752679.66,2.738797084,575,400,230000,1.4375,0,0,965.5,814,785917,1.186117936,2315,860,1990900,2.691860465
0.145,85,15,0,0,90,10,0,0,,,0,156.95,61.65,1.041296168,9675.9675,2.545823195,224.155,182.72,40957.6016,1.226767732,237,346.9,82215.3,0.683194004,90.65,151.9,13769.735,0.596774194,109.35,184.4,20164.14,0.593004338,5,23.8,119,0.210084034,265.5,216.5,57480.75,1.226327945,300.95,245.3,73823.035,1.226865063,330.95,470.1,155579.595,0.703999149,7022.8,2398,16840674.4,2.928607173,4579,2197,10060063,2.084205735,17973,48379,869515767,0.371504165,733.3,1483.5,1087850.55,0.494304011,51572.895,66015.28,3404599104,0.781226634,3615.2,1095.97,3962150.744,3.298630437,3716.5,1493,5548734.5,2.489283322,21995,14830,326185850,1.483142279,5060,2380,12042800,2.12605042,12273.965,5220.27,64073411.27,2.351212677,570,410,233700,1.390243902,-10,-5,710.3,863.3,613201.99,0.82277308,2085.5,831,1733050.5,2.509626955
0.069,72,28,0,0,92.5,7.5,0,0,,,0,153.44,61.3625,1.03045703,9415.462,2.50055001,219.956,182.415,40123.27374,1.205799962,234.4,346.425,81202.02,0.676625532,92.08,152.425,14035.294,0.604100377,110.52,184.8,20424.096,0.598051948,5,24.1,120.5,0.20746888,261.6,216.125,56538.3,1.210410642,297.44,244.975,72865.364,1.214164711,304.04,465.075,141401.403,0.65374402,10500.56,2398.5,25185593.16,4.377969564,6952.8,2195.25,15263134.2,3.167201913,17949.6,48031.75,862150699.8,0.373702811,751.76,1466.375,1102362.07,0.512665587,52703.024,65986.335,3477679397,0.798696033,3460.24,1087.5525,3763192.663,3.181676287,3496.8,1484.75,5191873.8,2.355143964,21644,14797.5,320277090,1.462679507,4592,2335,10722320,1.966595289,11009.728,5111.8775,56280380.84,2.153754271,544,407.5,221680,1.334969325,-7.5,-20.5,668.96,850.975,569268.236,0.78611005,2107.6,838.25,1766695.7,2.514285714
0.067,70,30,0,0,93.75,6.25,0,0,,,0,152.9,61.21875,1.029295542,9360.346875,2.497600817,219.31,182.2625,39971.98888,1.203264522,234,346.1875,81007.875,0.675934284,92.3,152.6875,14093.05625,0.604502661,110.7,185,20479.5,0.598378378,5,24.25,121.25,0.206185567,261,215.9375,56359.6875,1.208683068,296.9,244.8125,72684.83125,1.212764871,299.9,462.5625,138722.4938,0.648344818,11035.6,2398.75,26471645.5,4.600562793,7318,2194.375,16058436.25,3.334890345,17946,47858.125,858861911.3,0.374983349,754.6,1457.8125,1100065.313,0.517624866,52876.89,65971.8625,3488386917,0.801506703,3436.4,1083.34375,3722802.463,3.172031038,3463,1480.625,5127404.375,2.338877163,21590,14781.25,319127187.5,1.460634249,4520,2312.5,10452500,1.954594595,10815.23,5057.68125,54699985.99,2.138377147,540,406.25,219375,1.329230769,-6.25,-23.75,662.6,844.8125,559772.7625,0.784316046,2111,841.875,1777198.125,2.507498144
0.038,68,32,0,0,95,5,0,0,,,0,152.36,61.075,1.028132394,9305.387,2.49463774,218.664,182.11,39820.90104,1.200724837,233.6,345.95,80813.92,0.675242087,92.52,152.95,14150.934,0.604903563,110.88,185.2,20534.976,0.598704104,5,24.4,122,0.204918033,260.4,215.75,56181.3,1.206952491,296.36,244.65,72504.474,1.211363172,295.76,460.05,136064.388,0.642886643,11570.64,2399,27757965.36,4.823109629,7683.2,2193.5,16853099.2,3.50271256,17942.4,47684.5,855574372.8,0.376273212,757.44,1449.25,1097719.92,0.522642746,53050.756,65957.39,3499089403,0.804318606,3412.56,1079.135,3682612.936,3.162310554,3429.2,1476.5,5063213.8,2.322519472,21536,14765,317979040,1.45858449,4448,2290,10185920,1.942358079,10620.732,5003.485,53140673.25,2.122666901,536,405,217080,1.32345679,-5,-27,656.24,838.65,550355.676,0.782495678,2114.4,845.5,1787725.2,2.500768776
0.031,64,36,0,0,97.5,2.5,0,0,,,0,151.28,60.7875,1.025801101,9195.933,2.488669546,217.372,181.805,39519.31646,1.195632683,232.8,345.475,80426.58,0.673854838,92.96,153.475,14267.036,0.605701254,111.24,185.6,20646.144,0.599353448,5,24.7,123.5,0.20242915,259.2,215.375,55825.2,1.203482298,295.28,244.325,72144.286,1.20855418,287.48,455.025,130810.587,0.631789462,12640.72,2399.5,30331407.64,5.26806418,8413.6,2191.75,18440507.8,3.838758983,17935.2,47337.25,849003046.2,0.378881325,763.12,1432.125,1092883.23,0.532858514,53398.488,65928.445,3520479279,0.809946117,3364.88,1070.7175,3602835.901,3.142640332,3361.6,1468.25,4935669.2,2.28952835,21428,14732.5,315688010,1.454471407,4304,2245,9662480,1.91714922,10231.736,4895.0925,50085294.16,2.09020279,528,402.5,212520,1.311801242,-2.5,-33.5,643.52,826.325,531756.664,0.778773485,2121.2,852.75,1808853.3,2.487481677
0.085,76,24,0,0,90,10,0,0,,,0,154.52,61.65,1.032775038,9526.158,2.506407137,221.248,182.72,40426.43456,1.210858144,235.2,346.9,81590.88,0.678005189,91.64,151.9,13920.116,0.603291639,110.16,184.4,20313.504,0.597396963,5,23.8,119,0.210084034,262.8,216.5,56896.2,1.213856813,298.52,245.3,73226.956,1.216958826,312.32,470.1,146821.632,0.664369283,9430.48,2398,22614291.04,3.93264387,6222.4,2197,13670612.8,2.832225762,17956.8,48379,868732027.2,0.371169309,746.08,1483.5,1106809.68,0.502918773,52355.292,66015.28,3456249261,0.79307839,3507.92,1095.97,3844575.082,3.200744546,3564.4,1493,5321649.2,2.387407904,21752,14830,322582160,1.466756575,4736,2380,11271680,1.989915966,11398.724,5220.27,59504416.94,2.183550659,552,410,226320,1.346341463,-10,-14,681.68,863.3,588494.344,0.789621221,2100.8,831,1745764.8,2.528038508
0.031,66,34,0,0,96.25,3.75,0,0,,,0,151.82,60.93125,1.026967581,9250.582375,2.491660683,218.018,181.9575,39670.01024,1.198180894,233.2,345.7125,80620.155,0.674548939,92.74,153.2125,14208.92725,0.605303092,111.06,185.4,20590.524,0.599029126,5,24.55,122.75,0.203665988,259.8,215.5625,56003.1375,1.205218904,295.82,244.4875,72324.29225,1.209959609,291.62,457.5375,133427.0858,0.637368522,12105.68,2399.25,29044552.74,5.045610086,8048.4,2192.625,17647123.05,3.670668719,17938.8,47510.875,852288084.5,0.377572503,760.28,1440.6875,1095325.893,0.527720272,53224.622,65942.9175,3509786858,0.807131744,3388.72,1074.92625,3642624.082,3.152513952,3395.4,1472.375,4999302.075,2.306070125,21482,14748.75,316832647.5,1.456530214,4376,2267.5,9922580,1.929878721,10426.234,4949.28875,51602442.64,2.106612592,532,403.75,214795,1.317647059,-3.75,-30.25,649.88,832.4875,541016.9765,0.780648358,2117.8,849.125,1798276.925,2.494096864
0.024,62,38,0,0,98.75,1.25,0,0,,,0,150.74,60.64375,1.024632948,9141.438875,2.485664228,216.726,181.6525,39368.81972,1.193080194,232.4,345.2375,80233.195,0.673159781,93.18,153.7375,14325.26025,0.606098057,111.42,185.8,20701.836,0.599677072,5,24.85,124.25,0.201207243,258.6,215.1875,55647.4875,1.201742666,294.74,244.1625,71964.45525,1.20714688,283.34,452.5125,128214.8918,0.626148449,13175.76,2399.75,31618530.06,5.490471924,8778.8,2190.875,19233253.45,4.006983511,17931.6,47163.625,845719258.1,0.380199783,765.96,1423.5625,1090391.933,0.538058568,53572.354,65913.9725,3531166668,0.812761725,3341.04,1066.50875,3563248.394,3.132688785,3327.8,1464.125,4872315.175,2.272893366,21374,14716.25,314545127.5,1.452408052,4232,2222.5,9405620,1.90416198,10037.238,4840.89625,48589227.79,2.073425556,524,401.25,210255,1.305919003,-1.25,-36.75,637.16,820.1625,522574.7385,0.776870437,2124.6,856.375,1819454.325,2.480922493
0.052,80,20,0,0,82,18,0,0,,,0,155.6,62.57,1.031854515,9735.892,2.486814767,222.54,183.696,40879.70784,1.211458061,236,348.42,82227.12,0.677343436,91.2,150.22,13700.064,0.607109573,109.8,183.12,20106.576,0.599606815,5,22.84,114.2,0.218914186,264,217.7,57472.8,1.212677997,299.6,246.34,73803.464,1.216205245,320.6,486.18,155869.308,0.65942655,8360.4,2396.4,20034862.56,3.4887331,5492,2202.6,12096679.2,2.493416871,17964,49490.2,889041952.8,0.362980954,740.4,1538.3,1138957.32,0.481310538,52007.56,66107.904,3438110784,0.786707139,3555.6,1122.906,3992604.574,3.16642711,3632,1519.4,5518460.8,2.39041727,21860,14934,326457240,1.463773939,4880,2524,12317120,1.933438986,11787.72,5567.126,65623722.49,2.117379775,560,418,234080,1.339712919,-18,-2,694.4,902.74,626862.656,0.769213727,2094,807.8,1691533.2,2.592225798
0.036,75,25,0,0,85,15,0,0,,,0,154.25,62.225,1.028894379,9598.20625,2.478907192,220.925,183.33,40502.18025,1.205067365,235,347.85,81744.75,0.675578554,91.75,150.85,13840.4875,0.608220086,110.25,183.6,20241.9,0.600490196,5,23.2,116,0.215517241,262.5,217.25,57028.125,1.208285386,298.25,245.95,73354.5875,1.212644847,310.25,480.15,148966.5375,0.646152244,9698,2397,23246106,4.045890697,6405,2200.5,14094202.5,2.910702113,17955,49073.5,881114692.5,0.365879752,747.5,1517.75,1134518.125,0.492505353,52442.225,66073.17,3465024048,0.793699243,3496,1112.805,3890366.28,3.141610615,3547.5,1509.5,5354951.25,2.350115932,21725,14895,323593875,1.458543135,4700,2470,11609000,1.902834008,11301.475,5437.055,61446741.16,2.078602295,550,415,228250,1.325301205,-15,-10,678.5,887.95,602474.075,0.764119601,2102.5,816.5,1716691.25,2.575015309
0.045,70,30,0,0,88,12,0,0,,,0,152.9,61.88,1.025924125,9461.452,2.470911441,219.31,182.964,40125.83484,1.198651101,234,347.28,81263.52,0.673807878,92.3,151.48,13981.604,0.609321363,110.7,184.08,20377.656,0.60136897,5,23.56,117.8,0.212224109,261,216.8,56584.8,1.203874539,296.9,245.56,72906.764,1.209073139,299.9,474.12,142188.588,0.632540285,11035.6,2397.6,26458954.56,4.602769436,7318,2198.4,16087891.2,3.328784571,17946,48656.8,873194932.8,0.368828201,754.6,1497.2,1129787.12,0.504007481,52876.89,66038.436,3491907116,0.800698702,3436.4,1102.704,3789332.026,3.116339471,3463,1499.6,5193114.8,2.309282475,21590,14856,320741040,1.453284868,4520,2416,10920320,1.870860927,10815.23,5306.984,57396252.57,2.037923988,540,412,222480,1.310679612,-12,-18,662.6,873.16,578555.816,0.758852902,2111,825.2,1741997.2,2.558167717
0.042,65,35,0,0,91,9,0,0,,,0,151.55,61.535,1.022943703,9325.62925,2.462826034,217.695,182.598,39750.67161,1.192209115,233,346.71,80783.43,0.672031381,92.85,152.11,14123.4135,0.610413517,111.15,184.56,20513.844,0.602243173,5,23.92,119.6,0.2090301,259.5,216.35,56142.825,1.199445343,295.55,245.17,72459.9935,1.205490068,289.55,468.09,135535.4595,0.618577624,12373.2,2398.2,29673408.24,5.159369527,8231,2196.3,18077745.3,3.74766653,17937,48240.1,865282673.7,0.371827587,761.7,1476.65,1124764.305,0.51582975,53311.555,66003.702,3518759989,0.807705528,3376.8,1092.603,3689501.81,3.090601069,3378.5,1489.7,5032951.45,2.26790629,21455,14817,317898735,1.44799892,4340,2362,10251080,1.83742591,10328.985,5176.913,53472256.72,1.995201581,530,409,216770,1.295843521,-9,-26,646.7,858.37,555107.879,0.753404709,2119.5,833.9,1767451.05,2.541671663
0.035,60,40,0,0,94,6,0,0,,,0,150.2,61.19,1.019953058,9190.738,2.454649453,216.08,182.232,39376.69056,1.185741253,232,346.14,80304.48,0.670249032,93.4,152.74,14265.916,0.611496661,111.6,185.04,20650.464,0.60311284,5,24.28,121.4,0.205930807,258,215.9,55702.2,1.194997684,294.2,244.78,72014.276,1.20189558,279.2,462.06,129007.152,0.60425053,13710.8,2398.8,32889467.04,5.715691179,9144,2194.2,20063764.8,4.167350287,17928,47823.4,857377915.2,0.374879243,768.8,1456.1,1119449.68,0.527985715,53746.22,65968.968,3545582667,0.814719733,3317.2,1082.502,3590875.634,3.064382329,3294,1479.8,4874461.2,2.225976483,21320,14778,315066960,1.442685072,4160,2308,9601280,1.802426343,9842.74,5046.842,49674753.63,1.950277025,520,406,211120,1.280788177,-6,-34,630.8,843.58,532130.264,0.747765476,2128,842.6,1793052.8,2.525516259
0.013,55,45,0,0,97,3,0,0,,,0,148.85,60.845,1.01695214,9056.77825,2.446380146,214.465,181.866,39003.89169,1.179247358,231,345.57,79826.67,0.668460804,93.95,153.37,14409.1115,0.612570907,112.05,185.52,20787.516,0.603978008,5,24.64,123.2,0.202922078,256.5,215.45,55262.925,1.190531446,292.85,244.39,71569.6115,1.198289619,268.85,456.03,122603.6655,0.589544548,15048.4,2399.4,36107130.96,6.2717346,10057,2192.1,22045949.7,4.587838146,17919,47406.7,849480657.3,0.377984546,775.9,1435.55,1113843.245,0.540489708,54180.885,65934.234,3572375150,0.821741328,3257.6,1072.401,3493453.498,3.037669678,3209.5,1469.9,4717644.05,2.18348187,21185,14739,312245715,1.437343103,3980,2254,8970920,1.765749778,9356.495,4916.771,46003743.28,1.90297555,510,403,205530,1.265508685,-3,-42,614.9,828.79,509622.971,0.741924975,2136.5,851.3,1818802.45,2.509691061
0.092,89.2,10.8,0,0,88,12,0,0,,,0,158.084,61.88,1.044081827,9782.23792,2.55468649,225.5116,182.964,41260.50438,1.232546293,237.84,347.28,82597.0752,0.684865238,90.188,151.48,13661.67824,0.595378928,108.972,184.08,20059.56576,0.591981747,5,23.56,117.8,0.212224109,266.76,216.8,57833.568,1.230442804,302.084,245.56,74179.74704,1.230184069,339.644,474.12,161032.0133,0.716367164,5899.216,2397.6,14143960.28,2.460467134,3812.08,2198.4,8380476.672,1.734024745,17980.56,48656.8,874876511.8,0.369538482,727.336,1497.2,1088967.459,0.485797489,51207.7764,66038.436,3381681464,0.775423821,3665.264,1102.704,4041701.274,3.323887462,3787.48,1499.6,5679705.008,2.525660176,22108.4,14856,328442390.4,1.48817986,5211.2,2416,12590259.2,2.156953642,12682.4108,5306.984,67305351.2,2.389758627,578.4,412,238300.8,1.403883495,-12,1.2,723.656,873.16,631867.473,0.828778231,2078.36,825.2,1715062.672,2.518613669
0.101,87.4,12.6,0,0,91,9,0,0,,,0,157.598,61.535,1.044163951,9697.79293,2.561111563,224.9302,182.598,41071.80466,1.231832769,237.48,346.71,82336.6908,0.684952842,90.386,152.11,13748.61446,0.594214713,109.134,184.56,20141.77104,0.591319896,5,23.92,119.6,0.2090301,266.22,216.35,57596.697,1.230506124,301.598,245.17,73942.78166,1.230158665,335.918,468.09,157239.8566,0.717635497,6380.752,2398.2,15302319.45,2.660642148,4140.76,2196.3,9094351.188,1.885334426,17977.32,48240.1,867227714.5,0.372663407,729.892,1476.65,1077795.022,0.4942891,51364.2558,66003.702,3390231033,0.77820265,3643.808,1092.603,3981235.552,3.334978945,3757.06,1489.7,5596892.282,2.522024569,22059.8,14817,326860056.6,1.4888169,5146.4,2362,12155796.8,2.178831499,12507.3626,5176.913,64749528.04,2.415988563,574.8,409,235093.2,1.405378973,-9,-3.6,717.932,858.37,616251.2908,0.836389902,2081.42,833.9,1735696.138,2.496006715
0.078,85.6,14.4,0,0,94,6,0,0,,,0,157.112,61.19,1.044246358,9613.68328,2.567609086,224.3488,182.232,40883.53052,1.231116379,237.12,346.14,82076.7168,0.685040735,90.584,152.74,13835.80016,0.593060102,109.296,185.04,20224.13184,0.590661479,5,24.28,121.4,0.205930807,265.68,215.9,57360.312,1.230569708,301.112,244.78,73706.19536,1.230133181,332.192,462.06,153492.6355,0.718936935,6862.288,2398.8,16461256.45,2.860717025,4469.44,2194.2,9806845.248,2.036933734,17974.08,47823.4,859581617.5,0.375842788,732.448,1456.1,1066517.533,0.503020397,51520.7352,65968.968,3398769732,0.780984405,3622.352,1082.502,3921203.285,3.34627742,3726.64,1479.8,5514681.872,2.518340316,22011.2,14778,325281513.6,1.489457301,5081.6,2308,11728332.8,2.201733102,12332.3144,5046.842,62239242.27,2.443570534,571.2,406,231907.2,1.406896552,-6,-8.4,712.208,843.58,600804.4246,0.844268475,2084.48,842.6,1756382.848,2.473866603
0.058,83.8,16.2,0,0,97,3,0,0,,,0,156.626,60.845,1.044329048,9529.90897,2.574180294,223.7674,181.866,40695.68197,1.230397106,236.76,345.57,81817.1532,0.685128917,90.782,153.37,13923.23534,0.591914977,109.458,185.52,20306.64816,0.590006468,5,24.64,123.2,0.202922078,265.14,215.45,57124.413,1.230633558,300.626,244.39,73469.98814,1.230107615,328.466,456.03,149790.35,0.720272789,7343.824,2399.4,17620771.31,3.06069184,4798.12,2192.1,10517958.85,2.188823503,17970.84,47406.7,851938220.6,0.379078063,735.004,1435.55,1055134.992,0.512001672,51677.2146,65934.234,3407297560,0.78376909,3600.896,1072.401,3861604.471,3.357788738,3696.22,1469.9,5433073.778,2.514606436,21962.6,14739,323706761.4,1.490101092,5016.8,2254,11307867.2,2.225732032,12157.2662,4916.771,59774493.89,2.472611842,567.6,403,228742.8,1.408436725,-3,-13.2,706.484,828.79,585526.8744,0.852428239,2087.54,851.3,1777122.802,2.45217902
0.062,91,9,0,0,85,15,0,0,,,0,158.57,62.225,1.043999982,9867.01825,2.548332664,226.093,183.33,41449.62969,1.233256968,238.2,347.85,82857.87,0.684777922,89.99,150.85,13574.9915,0.596552867,108.81,183.6,19977.516,0.592647059,5,23.2,116,0.215517241,267.3,217.25,58070.925,1.230379747,302.57,245.95,74417.0915,1.230209392,343.37,480.15,164869.1055,0.715130688,5417.68,2397,12986178.96,2.260191907,3483.4,2200.5,7665221.7,1.583003863,17983.8,49073.5,882528009.3,0.366466627,724.78,1517.75,1100034.845,0.477535826,51051.297,66073.17,3373121025,0.772647914,3686.72,1112.805,4102600.45,3.312997336,3817.9,1509.5,5763120.05,2.529248095,22157,14895,330028515,1.487546156,5276,2470,13031720,2.136032389,12857.459,5437.055,69906711.74,2.364783693,582,415,241530,1.402409639,-15,6,729.38,887.95,647652.971,0.821420125,2075.3,816.5,1694482.45,2.541702388
0.049,70,30,0,0,88,0,12,0,,,0,152.9,61.52,1.02775686,9406.408,2.485370611,219.31,182.58,40041.6198,1.201172089,234,355.2,83116.8,0.658783784,92.3,159.04,14679.392,0.580357143,110.7,186.24,20616.768,0.59439433,5,23.92,119.6,0.2090301,261,216.2,56428.2,1.207215541,296.9,244.24,72514.856,1.215607599,299.9,483.18,144905.682,0.620679664,11035.6,3156,34828353.6,3.496704689,7318,2728.8,19969358.4,2.681764878,17946,44976.4,807146474.4,0.399009258,754.6,1331.276,1004580.87,0.56682461,52876.89,66492.3,3515906033,0.795233283,3436.4,1130.904,3886238.506,3.038631042,3463,1377.2,4769243.6,2.514522219,21590,14724,317891160,1.466313502,4520,2536,11462720,1.782334385,10815.23,5636.816,60963461.51,1.91867714,540,412,222480,1.310679612,-12,-18,662.6,825.52,546989.552,0.802645605,2111,1020.8,2154908.8,2.067985893
0.058,65,35,0,0,91,0,9,0,,,0,151.55,61.265,1.024315997,9284.71075,2.473679915,217.695,182.31,39687.97545,1.19409248,233,352.65,82167.45,0.660711754,92.85,157.78,14649.873,0.588477627,111.15,186.18,20693.907,0.5970029,5,24.19,120.95,0.206696982,259.5,215.9,56026.05,1.201945345,295.55,244.18,72167.399,1.21037759,289.55,474.885,137502.9518,0.609726565,12373.2,2967,36711284.4,4.170273003,8231,2594.1,21352037.1,3.172969431,17937,45479.8,815771172.6,0.394394874,761.7,1352.207,1029976.072,0.563301329,53311.555,66344.1,3536907136,0.803561357,3376.8,1113.753,3760921.13,3.031911025,3378.5,1397.9,4722805.15,2.416839545,21455,14718,315774690,1.457738823,4340,2452,10641680,1.769983687,10328.985,5424.287,56027379.06,1.904210636,530,409,216770,1.295843521,-9,-26,646.7,822.64,532001.288,0.786127589,2119.5,980.6,2078381.7,2.161431776
0.034,60,40,0,0,94,0,6,0,,,0,150.2,61.01,1.020866404,9163.702,2.461891493,216.08,182.04,39335.2032,1.18699187,232,350.1,81223.2,0.662667809,93.4,156.52,14618.968,0.596728853,111.6,186.12,20770.992,0.599613153,5,24.46,122.3,0.204415372,258,215.6,55624.8,1.196660482,294.2,244.12,71820.104,1.205145011,279.2,466.59,130271.928,0.59838402,13710.8,2778,38088602.4,4.935493161,9144,2459.4,22488753.6,3.717979995,17928,45983.2,824386809.6,0.389881522,768.8,1373.138,1055668.494,0.559885459,53746.22,66195.9,3557779404,0.811926721,3317.2,1096.602,3637648.154,3.024980804,3294,1418.6,4672868.4,2.322007613,21320,14712,313659840,1.449157151,4160,2368,9850880,1.756756757,9842.74,5211.758,51297978.94,1.888564281,520,406,211120,1.280788177,-6,-34,630.8,819.76,517104.608,0.76949351,2128,940.4,2001171.2,2.262866865
0.024,55,45,0,0,97,0,3,0,,,0,148.85,60.755,1.017408047,9043.38175,2.450004115,214.465,181.77,38983.30305,1.179870166,231,347.55,80284.05,0.664652568,93.95,155.26,14586.677,0.605114002,112.05,186.06,20848.023,0.602225089,5,24.73,123.65,0.202183583,256.5,215.3,55224.45,1.191360892,292.85,244.06,71472.971,1.199909858,268.85,458.295,123212.6108,0.586630882,15048.4,2589,38960307.6,5.812437234,10057,2324.7,23379507.9,4.326149611,17919,46486.6,832993385.4,0.385465919,775.9,1394.069,1081658.137,0.556572164,54180.885,66047.7,3578522838,0.820329625,3257.6,1079.451,3516419.578,3.01783036,3209.5,1439.3,4619433.35,2.229903425,21185,14706,311546610,1.440568475,3980,2284,9090320,1.742556918,9356.495,4999.229,46775261.14,1.871587599,510,403,205530,1.265508685,-3,-42,614.9,816.88,502299.512,0.752742141,2136.5,900.2,1923277.3,2.373361475
0.116,85.6,14.4,0,0,94,0,6,0,,,0,157.112,61.01,1.045181457,9585.40312,2.575184396,224.3488,182.04,40840.45555,1.232414854,237.12,350.1,83015.712,0.677292202,90.584,156.52,14178.20768,0.578737542,109.296,186.12,20342.17152,0.587234043,5,24.46,122.3,0.204415372,265.68,215.6,57280.608,1.232282004,301.112,244.12,73507.46144,1.233458955,332.192,466.59,154997.4653,0.711956964,6862.288,2778,19063436.06,2.470226062,4469.44,2459.4,10992140.74,1.81728877,17974.08,45983.2,826505715.5,0.390883627,732.448,1373.138,1005752.182,0.533411791,51520.7352,66195.9,3410461435,0.778307043,3622.352,1096.602,3972278.448,3.303251316,3726.64,1418.6,5286611.504,2.626984351,22011.2,14712,323828774.4,1.496139206,5081.6,2368,12033228.8,2.145945946,12332.3144,5211.758,64273038.23,2.366248471,571.2,406,231907.2,1.406896552,-6,-8.4,712.208,819.76,583839.6301,0.868800625,2084.48,940.4,1960244.992,2.216588686
0.092,83.8,16.2,0,0,97,0,3,0,,,0,156.626,60.755,1.044797228,9515.81263,2.577993581,223.7674,181.77,40674.2003,1.231046927,236.76,347.55,82285.938,0.681225723,90.782,155.26,14094.81332,0.58470952,109.458,186.06,20365.75548,0.588294099,5,24.73,123.65,0.202183583,265.14,215.3,57084.642,1.231490943,300.626,244.06,73370.78156,1.231770876,328.466,458.295,150534.3255,0.716713034,7343.824,2589,19013160.34,2.836548474,4798.12,2324.7,11154189.56,2.063973846,17970.84,46486.6,835403250.7,0.386581079,735.004,1394.069,1024646.291,0.527236457,51677.2146,66047.7,3413161167,0.782422622,3600.896,1079.451,3886990.788,3.335858691,3696.22,1439.3,5319969.446,2.568067811,21962.6,14706,322981995.6,1.493444852,5016.8,2284,11458371.2,2.196497373,12157.2662,4999.229,60776957.75,2.431828228,567.6,403,228742.8,1.408436725,-3,-13.2,706.484,816.88,577112.6499,0.864856527,2087.54,900.2,1879203.508,2.318973561
0.06,82.9,17.1,0,0,98.5,0,1.5,0,,,0,156.383,60.6275,1.044604747,9481.110333,2.579407035,223.4767,181.635,40591.1904,1.230361439,236.58,346.275,81921.7395,0.683214208,90.881,154.63,14052.92903,0.587732005,109.539,186.03,20377.54017,0.588824383,5,24.865,124.325,0.201085864,264.87,215.15,56986.7805,1.231094585,300.383,244.03,73302.46349,1.230926525,326.603,454.1475,148325.9359,0.719156221,7584.592,2494.5,18919764.74,3.040525957,4962.46,2257.35,11202009.08,2.19835648,17969.22,46738.3,839850795.1,0.384464561,736.282,1404.5345,1034133.471,0.52421781,51755.4543,65973.6,3414493640,0.784487345,3590.168,1070.8755,3844622.952,3.352554055,3681.01,1449.65,5336176.147,2.539240506,21938.3,14703,322558824.9,1.492096851,4984.4,2242,11175024.8,2.223193577,12069.7421,4892.9645,59056819.62,2.46675448,565.8,401.5,227168.7,1.409215442,-1.5,-15.6,703.622,815.44,573761.5237,0.862874031,2089.07,880.1,1838590.507,2.373673446
0.042,95,0,5,0,80,20,0,0,,,0,160.15,62.8,1.046548993,10057.42,2.550159236,228.14,183.94,41964.0716,1.240295749,238,348.8,83014.4,0.68233945,89.3,149.8,13377.14,0.596128171,108.25,182.8,19788.1,0.592177243,5,22.6,113,0.221238938,269.25,218,58696.5,1.235091743,304.45,246.6,75077.37,1.23459043,357.05,490.2,175025.91,0.728376173,3238.5,2396,7759446,1.351627713,1925,2204,4242700,0.873411978,17922,49768,891942096,0.360110915,713.55,1552,1107429.6,0.459761598,50501.43,66131.06,3339713097,0.763656745,3770.25,1129.64,4259025.21,3.337567721,3909.5,1526,5965897,2.561926606,22355,14960,334430800,1.494318182,5510,2560,14105600,2.15234375,13484.165,5653.84,76237311.44,2.38495695,595,420,249900,1.416666667,-25,15,750.45,912.6,684860.67,0.822320842,2069.5,802,1659739,2.58042394
0.041,90,0,10,0,80,20,0,0,,,0,159.3,62.8,1.043585253,10004.04,2.536624204,227.28,183.94,41805.8832,1.235620311,236,348.8,82316.8,0.676605505,89.6,149.8,13422.08,0.598130841,108.5,182.8,19833.8,0.593544858,5,22.6,113,0.221238938,268.5,218,58533,1.231651376,303.9,246.6,74941.74,1.232360097,352.1,490.2,172599.42,0.718278254,3467,2396,8306932,1.446994992,2010,2204,4430040,0.911978221,17844,49768,888060192,0.358543643,715.1,1552,1109835.2,0.460760309,50733.96,66131.06,3355090553,0.767172944,3746.5,1129.64,4232196.26,3.316543324,3849,1526,5873574,2.522280472,22310,14960,333757600,1.49131016,5420,2560,13875200,2.1171875,13235.63,5653.84,74832134.32,2.34099833,590,420,247800,1.404761905,-30,10,742.9,912.6,677970.54,0.814047776,2079,802,1667358,2.592269327
0.042,85,0,15,0,80,20,0,0,,,0,158.45,62.8,1.040621512,9950.66,2.523089172,226.42,183.94,41647.6948,1.230944873,234,348.8,81619.2,0.67087156,89.9,149.8,13467.02,0.600133511,108.75,182.8,19879.5,0.594912473,5,22.6,113,0.221238938,267.75,218,58369.5,1.228211009,303.35,246.6,74806.11,1.230129765,347.15,490.2,170172.93,0.708180335,3695.5,2396,8854418,1.54236227,2095,2204,4617380,0.950544465,17766,49768,884178288,0.35697637,716.65,1552,1112240.8,0.461759021,50966.49,66131.06,3370468008,0.770689144,3722.75,1129.64,4205367.31,3.295518926,3788.5,1526,5781251,2.482634338,22265,14960,333084400,1.488302139,5330,2560,13644800,2.08203125,12987.095,5653.84,73426957.19,2.297039711,585,420,245700,1.392857143,-35,5,735.35,912.6,671080.41,0.80577471,2088.5,802,1674977,2.604114713
0.03,83,0,17,0,79,21,0,0,,,0,158.11,62.915,1.038846927,9947.49065,2.513073194,226.076,184.062,41612.00071,1.228260043,233.2,348.99,81384.468,0.668213989,90.02,149.59,13466.0918,0.601778194,108.85,182.64,19880.364,0.595981165,5,22.48,112.4,0.222419929,267.45,218.15,58344.2175,1.22599129,303.13,246.73,74791.2649,1.228589957,345.17,492.21,169896.1257,0.70126572,3786.9,2395.8,9072655.02,1.580641122,2129,2204.7,4693806.3,0.965664263,17734.8,49906.9,885088890.1,0.355357676,717.27,1558.85,1118116.34,0.460127658,51059.502,66142.638,3377210157,0.771960471,3713.25,1133.007,4207138.243,3.27734074,3764.3,1529.3,5756743.99,2.461452952,22247,14973,333104331,1.485807787,5294,2578,13647932,2.053529868,12887.681,5697.197,73423657.53,2.262109069,583,421,245443,1.3847981,-38,4,732.33,917.53,671934.7449,0.798153739,2092.3,799.1,1671956.93,2.618320611
0.076,80,20,0,0,88,2,10,0,,,0,155.6,61.58,1.03692216,9581.848,2.526794414,222.54,182.644,40645.59576,1.218435864,236,353.88,83515.68,0.666892732,91.2,157.78,14389.536,0.578020028,109.8,185.88,20409.624,0.59070368,5,23.86,119.3,0.209555742,264,216.3,57103.2,1.220527046,299.6,244.46,73240.216,1.225558374,320.6,481.67,154423.402,0.66560093,8360.4,3029.6,25328667.84,2.759572221,5492,2640.4,14501076.8,2.079987881,17964,45589.8,818975167.2,0.394035508,740.4,1358.93,1006151.772,0.544840426,52007.56,66416.656,3454168222,0.783049963,3555.6,1126.204,4004330.942,3.157154476,3632,1397.6,5076083.2,2.598740698,21860,14746,322347560,1.482435915,4880,2516,12278080,1.939586645,11787.72,5581.844,65797214.16,2.111796747,560,412,230720,1.359223301,-12,-8,694.4,833.46,578754.624,0.833153361,2094,988.2,2069290.8,2.11900425
0.15,84,16,0,0,90,10,0,0,,,0,156.68,61.65,1.040349376,9659.322,2.541443633,223.832,182.72,40898.58304,1.225,236.8,346.9,82145.92,0.682617469,90.76,151.9,13786.444,0.597498354,109.44,184.4,20180.736,0.593492408,5,23.8,119,0.210084034,265.2,216.5,57415.8,1.224942263,300.68,245.3,73756.804,1.22576437,328.88,470.1,154606.488,0.699595831,7290.32,2398,17482187.36,3.040166806,4761.6,2197,10461235.2,2.167319071,17971.2,48379,869428684.8,0.371466959,734.72,1483.5,1089957.12,0.495261207,51659.828,66015.28,3410338010,0.782543496,3603.28,1095.97,3949086.782,3.287754227,3699.6,1493,5523502.8,2.477963831,21968,14830,325785440,1.481321645,5024,2380,11957120,2.11092437,12176.716,5220.27,63565745.23,2.332583564,568,410,232880,1.385365854,-10,-6,707.12,863.3,610456.696,0.81908954,2087.2,831,1734463.2,2.511672684
0.08,85,15,0,0,89,11,0,0,,,0,156.95,61.765,1.040702661,9694.01675,2.541083138,224.155,182.842,40984.94851,1.22594918,237,347.09,82260.33,0.682820018,90.65,151.69,13750.6985,0.597600369,109.35,184.24,20146.644,0.593519323,5,23.68,118.4,0.211148649,265.5,216.65,57520.575,1.225478883,300.95,245.43,73862.1585,1.226215214,330.95,472.11,156244.8045,0.701001885,7022.8,2397.8,16839269.84,2.928851447,4579,2197.7,10063268.3,2.083541885,17973,48517.9,872012216.7,0.3704406,733.3,1490.35,1092873.655,0.492032073,51572.895,66026.858,3405196215,0.781089644,3615.2,1099.337,3974323.122,3.28852754,3716.5,1496.3,5560998.95,2.483793357,21995,14843,326471785,1.481843293,5060,2398,12133880,2.110091743,12273.965,5263.627,64605573.57,2.331845513,570,411,234270,1.386861314,-11,-4,710.3,868.23,616703.769,0.818101194,2085.5,828.1,1727002.55,2.51841565
0.05,60,10,30,0,90,10,0,0,,,0,153.2,61.65,1.028146276,9444.78,2.484995945,220.61,182.72,40309.8592,1.207366462,226,346.9,78399.4,0.651484578,91.9,151.9,13959.61,0.605003292,110.4,184.4,20357.76,0.598698482,5,23.8,119,0.210084034,262.5,216.5,56831.25,1.212471132,299,245.3,73344.7,1.218915614,311.6,470.1,146483.16,0.662837694,7056.2,2398,16920767.6,2.942535446,4176,2197,9174672,1.900773782,17514,48379,847309806,0.362016577,735.5,1483.5,1091114.25,0.49578699,52533.41,66015.28,3468007771,0.795776523,3532.3,1095.97,3871294.831,3.22298968,3438,1493,5132934,2.302746149,21860,14830,324183800,1.47403911,4700,2380,11186000,1.974789916,11269,5220.27,58827222.63,2.158700604,550,410,225500,1.341463415,-40,-30,680.9,863.3,587820.97,0.788717711,2134,831,1773354,2.567990373
0.04,76,24,0,0,99,1,0,0,,,0,154.52,60.615,1.038103265,9366.2298,2.549203992,221.248,181.622,40183.50426,1.218178415,235.2,345.19,81188.688,0.681363887,91.64,153.79,14093.3156,0.595877495,110.16,185.84,20472.1344,0.592767972,5,24.88,124.4,0.20096463,262.8,215.15,56541.42,1.221473391,298.52,244.13,72877.6876,1.222791136,312.32,452.01,141171.7632,0.690958165,9430.48,2399.8,22631265.9,3.929694141,6222.4,2190.7,13631411.68,2.840370658,17956.8,47128.9,846284231.5,0.381014622,746.08,1421.85,1060813.848,0.52472483,52355.292,65911.078,3450793735,0.794332206,3507.92,1065.667,3738274.583,3.291759996,3564.4,1463.3,5215786.52,2.435864143,21752,14713,320037176,1.478420445,4736,2218,10504448,2.135256988,11398.724,4830.057,55056486.65,2.359956415,552,401,221352,1.376558603,-1,-23,681.68,818.93,558248.2024,0.832403258,2100.8,857.1,1800595.68,2.451055886
0.09,82,18,0,0,88,12,0,0,,,0,156.14,61.88,1.037272689,9661.9432,2.523270847,223.186,182.964,40835.0033,1.219835596,236.4,347.28,82096.992,0.680718728,90.98,151.48,13781.6504,0.600607341,109.62,184.08,20178.8496,0.595501956,5,23.56,117.8,0.212224109,264.6,216.8,57365.28,1.220479705,300.14,245.56,73702.3784,1.22226747,324.74,474.12,153965.7288,0.684932085,7825.36,2397.6,18762083.14,3.263830497,5126.8,2198.4,11270757.12,2.33205968,17967.6,48656.8,874245919.7,0.369272126,737.56,1497.2,1104274.832,0.492626236,51833.694,66038.436,3423016084,0.784901902,3579.44,1102.704,3947062.806,3.246056965,3665.8,1499.6,5497233.68,2.444518538,21914,14856,325554384,1.475094238,4952,2416,11964032,2.049668874,11982.218,5306.984,63589439.21,2.257820638,564,412,232368,1.368932039,-12,-6,700.76,873.16,611875.6016,0.802556233,2090.6,825.2,1725163.12,2.533446437
0.07,83,17,0,0,87,13,0,0,,,0,156.41,61.995,1.037627323,9696.63795,2.522945399,223.509,183.086,40921.36877,1.220786953,236.6,347.47,82211.402,0.680922094,90.87,151.27,13745.9049,0.600713955,109.53,183.92,20144.7576,0.595530666,5,23.44,117.2,0.21331058,264.9,216.95,57470.055,1.221018668,300.41,245.69,73807.7329,1.222719687,326.81,476.13,155604.0453,0.686388171,7557.84,2397.4,18119165.62,3.152515225,4944.2,2199.1,10872790.22,2.248283389,17969.4,48795.7,876829451.6,0.368257859,736.14,1504.05,1107191.367,0.489438516,51746.761,66050.014,3417874289,0.783448146,3591.36,1106.071,3972299.147,3.246952501,3682.7,1502.9,5534729.83,2.450395901,21941,14869,326240729,1.475620418,4988,2434,12140792,2.049301561,12079.467,5350.341,64629267.55,2.257700397,566,413,233758,1.370460048,-13,-4,703.94,878.09,618122.6746,0.80167181,2088.9,822.3,1717702.47,2.540313754
0.03,78,22,0,0,100,0,0,0,,,0,155.06,60.5,1.040603131,9381.13,2.562975207,221.894,181.5,40273.761,1.222556474,235.6,345,81282,0.682898551,91.42,154,14078.68,0.593636364,109.98,186,20456.28,0.591290323,5,25,125,0.2,263.4,215,56631,1.225116279,299.06,244,72970.64,1.225655738,316.46,450,142407,0.703244444,8895.44,2400,21349056,3.706433333,5857.2,2190,12827268,2.674520548,17960.4,46990,843959196,0.382217493,743.24,1415,1051684.6,0.525257951,52181.426,65899.5,3438729883,0.791833413,3531.76,1062.3,3751788.648,3.324635225,3598.2,1460,5253372,2.464520548,21806,14700,320548200,1.483401361,4808,2200,10577600,2.185454545,11593.222,4786.7,55493275.75,2.421965446,556,400,222400,1.39,0,-22,688.04,814,560064.56,0.845257985,2097.4,860,1803764,2.438837209
0.075,84,16,0,0,85,15,0,0,,,0,156.68,62.225,1.037391281,9749.413,2.51795902,223.832,183.33,41035.12056,1.220924017,236.8,347.85,82370.88,0.680753198,90.76,150.85,13691.146,0.601657275,109.44,183.6,20093.184,0.596078431,5,23.2,116,0.215517241,265.2,217.25,57614.7,1.220713464,300.68,245.95,73952.246,1.222524903,328.88,480.15,157911.732,0.684952619,7290.32,2397,17474897.04,3.041435127,4761.6,2200.5,10477900.8,2.163871847,17971.2,49073.5,881909683.2,0.366209869,734.72,1517.75,1115121.28,0.484084994,51659.828,66073.17,3413328598,0.781857871,3603.28,1112.805,4009748,3.238015645,3699.6,1509.5,5584546.2,2.450877774,21968,14895,327213360,1.474857335,5024,2470,12409280,2.034008097,12176.716,5437.055,66205474.61,2.239579331,568,415,235720,1.368674699,-15,-1,707.12,887.95,627887.204,0.796351146,2087.2,816.5,1704198.8,2.556276791
0.036,76,24,0,0,97,3,0,0,,,0,154.52,60.845,1.036914468,9401.7694,2.539567754,221.248,181.866,40237.48877,1.216544049,235.2,345.57,81278.064,0.680614637,91.64,153.37,14054.8268,0.597509291,110.16,185.52,20436.8832,0.593790427,5,24.64,123.2,0.202922078,262.8,215.45,56620.26,1.219772569,298.52,244.39,72955.3028,1.221490241,312.32,456.03,142427.2896,0.684867224,9430.48,2399.4,22627493.71,3.930349254,6222.4,2192.1,13640123.04,2.838556635,17956.8,47406.7,851272630.6,0.378781902,746.08,1435.55,1071035.144,0.519717182,52355.292,65934.234,3452006074,0.794053238,3507.92,1072.401,3761896.916,3.271089826,3564.4,1469.9,5239311.56,2.424926866,21752,14739,320602728,1.47581247,4736,2254,10674944,2.101153505,11398.724,4916.771,56044915.6,2.318335347,552,403,222456,1.369727047,-3,-21,681.68,828.79,564969.5672,0.822500271,2100.8,851.3,1788411.04,2.467755198
0.084,81,17,2,0,88,12,0,0,,,0,156.07,61.88,1.037027504,9657.6116,2.522139625,223.165,182.964,40831.16106,1.219720819,235.8,347.28,81888.624,0.678991016,90.99,151.48,13783.1652,0.600673356,109.63,184.08,20180.6904,0.59555628,5,23.56,117.8,0.212224109,264.6,216.8,57365.28,1.220479705,300.19,245.56,73714.6564,1.222471086,324.83,474.12,154008.3996,0.68512191,7649.24,2397.6,18339817.82,3.190373707,4978.2,2198.4,10944074.88,2.264465066,17938.2,48656.8,872815409.8,0.368667894,736.76,1497.2,1103077.072,0.492091905,51839.773,66038.436,3423417532,0.784993954,3581.86,1102.704,3949731.349,3.248251571,3658.5,1499.6,5486286.6,2.439650573,21923,14856,325688088,1.475700054,4952,2416,11964032,2.049668874,11980.053,5306.984,63577949.59,2.257412685,564,412,232368,1.368932039,-14,-7,700.92,873.16,612015.3072,0.802739475,2092.7,825.2,1726896.04,2.535991275
0.141,89,11,0,0,90,10,0,0,,,0,158.03,61.65,1.045083338,9742.5495,2.563341444,225.447,182.72,41193.67584,1.23383866,237.8,346.9,82492.82,0.685500144,90.21,151.9,13702.899,0.593877551,108.99,184.4,20097.756,0.591052061,5,23.8,119,0.210084034,266.7,216.5,57740.55,1.23187067,302.03,245.3,74087.959,1.231267835,339.23,470.1,159472.023,0.721612423,5952.72,2398,14274622.56,2.482368641,3848.6,2197,8455374.2,1.75175239,17980.2,48379,869864095.8,0.37165299,727.62,1483.5,1079424.27,0.490475228,51225.163,66015.28,3381643478,0.775959187,3662.88,1095.97,4014406.594,3.342135277,3784.1,1493,5649661.3,2.534561286,22103,14830,327787490,1.490424815,5204,2380,12385520,2.186554622,12662.961,5220.27,66104075.42,2.425729129,578,410,236980,1.409756098,-10,-1,723.02,863.3,624183.166,0.83750724,2078.7,831,1727399.7,2.501444043
0.096,91,9,0,0,88,12,0,0,,,0,158.57,61.88,1.045784111,9812.3116,2.562540401,226.093,182.964,41366.87965,1.235723968,238.2,347.28,82722.096,0.685901866,89.99,151.48,13631.6852,0.594071825,108.81,184.08,20029.7448,0.591101695,5,23.56,117.8,0.212224109,267.3,216.8,57950.64,1.232933579,302.57,245.56,74299.0892,1.232163219,343.37,474.12,162798.5844,0.724225934,5417.68,2397.6,12989429.57,2.259626293,3483.4,2198.4,7657906.56,1.584516012,17983.8,48656.8,875034159.8,0.369605071,724.78,1497.2,1085140.616,0.484090302,51051.297,66038.436,3371347810,0.773054301,3686.72,1102.704,4065360.891,3.343345086,3817.9,1499.6,5725322.84,2.545945585,22157,14856,329164392,1.491451265,5276,2416,12746816,2.183774834,12857.459,5306.984,68234329.19,2.422743125,582,412,239784,1.412621359,-12,3,729.38,873.16,636865.4408,0.83533373,2075.3,825.2,1712537.56,2.514905477
0.066,88,9,3,0,81,19,0,0,,,0,158.06,62.685,1.039851338,9907.9911,2.521496371,225.577,183.818,41465.11299,1.227175793,237,348.61,82620.57,0.679842804,90.17,150.01,13526.4017,0.60109326,108.96,182.96,19935.3216,0.595540009,5,22.72,113.6,0.220070423,266.85,217.85,58133.2725,1.224925407,302.24,246.47,74493.0928,1.226275003,340.4,488.19,166179.876,0.697269506,5554.78,2396.2,13310363.84,2.31816209,3534.4,2203.3,7787343.52,1.604139246,17937,49629.1,890197166.7,0.361421021,725.71,1545.15,1121330.807,0.469669611,51190.815,66119.482,3384710171,0.774216819,3672.47,1126.273,4136203.804,3.260728083,3781.6,1522.7,5758242.32,2.483483286,22130,14947,330777110,1.480564662,5222,2542,13274324,2.054287962,12708.338,5610.483,71299914.31,2.265105874,579,419,242601,1.381861575,-22,7,724.85,907.67,657924.5995,0.798583186,2081,804.9,1674996.9,2.585414337
0.144,90,10,0,0,93,0,7,0,,,0,158.3,61.095,1.048917057,9671.3385,2.591046731,225.77,182.13,41119.4901,1.23960907,238,350.95,83526.1,0.678159282,90.1,156.94,14140.294,0.574104753,108.9,186.14,20270.646,0.585043516,5,24.37,121.85,0.205170291,267,215.7,57591.9,1.23783032,302.3,244.14,73803.522,1.23822397,341.3,469.355,160190.8615,0.727168135,5685.2,2841,16151653.2,2.001126364,3666,2504.3,9180763.8,1.463882123,17982,45815.4,823852522.8,0.392488115,726.2,1366.161,992106.1182,0.531562532,51138.23,66245.3,3387667388,0.771952576,3674.8,1102.319,4050801.861,3.333699229,3801,1411.7,5365871.7,2.692498406,22130,14714,325620820,1.504009787,5240,2396,12555040,2.186978297,12760.21,5282.601,67407098.11,2.415516523,580,407,236060,1.425061425,-7,-3,726.2,820.72,596006.864,0.88483283,2077,953.8,1981042.6,2.177605368
0.075,91,9,0,0,89,0,11,0,,,0,158.57,61.435,1.048094404,9741.74795,2.581101978,226.093,182.49,41259.71157,1.23893364,238.2,354.35,84406.17,0.672216735,89.99,158.62,14274.2138,0.567330728,108.81,186.22,20262.5982,0.584308882,5,24.01,120.05,0.208246564,267.3,216.1,57763.53,1.236927348,302.57,244.22,73893.6454,1.238923921,343.37,480.415,164960.0986,0.714736218,5417.68,3093,16756884.24,1.751593922,3483.4,2683.9,9349097.26,1.297887403,17983.8,45144.2,811864264,0.398363466,724.78,1338.253,969939.0093,0.541586681,51051.297,66442.9,3391996221,0.768348416,3686.72,1125.187,4148249.417,3.276539811,3817.9,1384.1,5284355.39,2.75839896,22157,14722,326195354,1.505026491,5276,2508,13232208,2.103668262,12857.459,5565.973,71564269.64,2.310011026,582,411,239202,1.416058394,-11,2,729.38,824.56,601417.5728,0.88456874,2075.3,1007.4,2090657.22,2.060055589
0.043,73,27,0,0,96,4,0,0,,,0,153.71,60.96,1.033470962,9370.1616,2.521489501,220.279,181.988,40088.13465,1.210403983,234.6,345.76,81115.296,0.678505322,91.97,153.16,14086.1252,0.600483155,110.43,185.36,20469.3048,0.595759603,5,24.52,122.6,0.203915171,261.9,215.6,56465.64,1.214749536,297.71,244.52,72796.0492,1.217528219,306.11,458.04,140210.6244,0.668304078,10233.04,2399.2,24551109.57,4.265188396,6770.2,2192.8,14845694.56,3.087468077,17951.4,47545.6,853510083.8,0.377561751,750.34,1442.4,1082290.416,0.52020244,52616.091,65945.812,3469810845,0.797868574,3472.16,1075.768,3735238.619,3.227610414,3513.7,1473.2,5176382.84,2.385080098,21671,14752,319690592,1.46902115,4628,2272,10514816,2.036971831,11106.977,4960.128,55092027.61,2.239252092,546,404,220584,1.351485149,-4,-23,672.14,833.72,560376.5608,0.806193926,2105.9,848.4,1786645.56,2.482201792
0.099,79,21,0,0,91,9,0,0,,,0,155.33,61.535,1.036206358,9558.23155,2.524254489,222.217,182.598,40576.37977,1.216973899,235.8,346.71,81754.218,0.680107294,91.31,152.11,13889.1641,0.600289264,109.89,184.56,20281.2984,0.595416125,5,23.92,119.6,0.2090301,263.7,216.35,57051.495,1.218858331,299.33,245.17,73386.7361,1.220907941,318.53,468.09,149100.7077,0.680488795,8627.92,2398.2,20691477.74,3.597664915,5674.6,2196.3,12463123.98,2.583708965,17962.2,48240.1,866498324.2,0.372349974,741.82,1476.65,1095408.503,0.502366844,52094.493,66003.702,3438429392,0.789266229,3543.68,1092.603,3871835.399,3.243337241,3615.1,1489.7,5385414.47,2.426730214,21833,14817,323499561,1.473510157,4844,2362,11441528,2.050804403,11690.471,5176.913,60520551.3,2.258193445,558,409,228222,1.364303178,-9,-12,691.22,858.37,593322.5114,0.805270454,2095.7,833.9,1747604.23,2.513131071
0.102,90,10,0,0,95,0,5,0,,,0,158.3,60.925,1.049804532,9644.4275,2.59827657,225.77,181.95,41078.8515,1.240835394,238,349.25,83121.5,0.681460272,90.1,156.1,14064.61,0.577194106,108.9,186.1,20266.29,0.585169264,5,24.55,122.75,0.203665988,267,215.5,57538.5,1.238979118,302.3,244.1,73791.43,1.238426874,341.3,463.825,158303.4725,0.73583787,5685.2,2715,15435318,2.093996317,3666,2414.5,8851557,1.518326776,17982,46151,829887282,0.389634027,726.2,1380.115,1002239.513,0.526188035,51138.23,66146.5,3382614931,0.773105606,3674.8,1090.885,4008784.198,3.368641057,3801,1425.5,5418325.5,2.666432831,22130,14710,325532300,1.504418763,5240,2340,12261600,2.239316239,12760.21,5140.915,65599154.99,2.482089278,580,405,234900,1.432098765,-5,-5,726.2,818.8,594612.56,0.88690767,2077,927,1925379,2.240560949
0.074,91,9,0,0,96,1,3,0,,,0,158.57,60.87,1.051042447,9652.1559,2.605059964,226.093,181.892,41124.50796,1.243006839,238.2,347.74,82831.668,0.684994536,89.99,155.05,13952.9495,0.580393421,108.81,185.9,20227.779,0.585314685,5,24.61,123.05,0.203169443,267.3,215.45,57589.785,1.240659086,302.57,244.19,73884.5683,1.239076129,343.37,460.305,158054.9279,0.745961917,5417.68,2588.8,14025289.98,2.092737948,3483.4,2325.4,8100298.36,1.497978842,17983.8,46625.5,838503666.9,0.385707392,724.78,1400.919,1015358.073,0.51736039,51051.297,66059.278,3372411821,0.772810399,3686.72,1082.818,3992046.777,3.404745765,3817.9,1442.6,5507702.54,2.646540968,22157,14719,326128883,1.505333243,5276,2302,12145352,2.29192007,12857.459,5042.586,64834842.75,2.549774858,582,404,235128,1.440594059,-4,-5,729.38,821.81,599411.7778,0.887528748,2075.3,897.3,1862166.69,2.312827371
0.04,95,1,4,0,79,21,0,0,,,0,160.05,62.915,1.045607394,10069.54575,2.543908448,227.989,184.062,41964.11132,1.23865328,238.2,348.99,83129.418,0.682541047,89.35,149.59,13365.8665,0.597299285,108.29,182.64,19778.0856,0.592915024,5,22.48,112.4,0.222419929,269.1,218.15,58704.165,1.233554893,304.29,246.73,75077.4717,1.233291452,355.97,492.21,175211.9937,0.723207574,3460.32,2395.8,8290234.656,1.444327573,2090.6,2204.7,4609145.82,0.948246927,17935.8,49906.9,895120177,0.359385175,714.66,1558.85,1114047.741,0.458453347,50541.857,66142.638,3342971751,0.764134279,3763.08,1133.007,4263595.982,3.321321051,3904.7,1529.3,5971457.71,2.553259661,22337,14973,334451901,1.491818607,5492,2578,14158376,2.130333592,13436.623,5697.197,76551088.25,2.358462065,594,421,250074,1.410926366,-25,16,748.78,917.53,687028.1134,0.816082308,2069.3,799.1,1653577.63,2.589538231
0.016,96,3,1,0,72,27,1,0,,,0,160.02,63.69,1.04152492,10191.6738,2.512482336,227.859,184.884,42127.48336,1.232443045,239,350.98,83884.22,0.680950482,89.39,148.75,13296.7625,0.600941176,108.32,181.7,19681.744,0.596147496,5,21.67,108.35,0.230733733,268.95,219.15,58940.3925,1.227241615,304.08,247.53,75268.9224,1.228457157,354.8,507.035,179896.018,0.699754455,3858.26,2457.6,9482059.776,1.569930013,2404.8,2253.8,5419938.24,1.066997959,17979,50572.5,909242977.5,0.355509417,716.57,1592.973,1141476.663,0.449831855,50576.205,66261.506,3351255511,0.763281852,3753.49,1158.926,4350017.152,3.238765892,3907.2,1542.2,6025683.84,2.533523538,22310,15053,335832430,1.482096592,5474,2714,14856436,2.016949153,13391.246,6028.182,80724868.09,2.221440229,593,428,253804,1.385514019,-29,24,746.95,948.07,708160.8865,0.787863765,2067,795.1,1643471.7,2.599672997
0.13,88,12,0,0,92,2,6,0,,,0,157.76,61.24,1.046263836,9661.2224,2.576094056,225.124,182.284,41036.50322,1.235017884,237.6,350.48,83274.048,0.677927414,90.32,156.1,14098.952,0.578603459,109.08,185.8,20267.064,0.587082885,5,24.22,121.1,0.206440958,266.4,215.9,57515.76,1.233904585,301.76,244.38,73744.1088,1.234798265,337.16,470.61,158670.8676,0.716431865,6220.24,2777.6,17277338.62,2.239429724,4031.2,2460.8,9919976.96,1.63816645,17978.4,46261,831698762.4,0.388629731,729.04,1386.838,1011060.376,0.525685048,51312.096,66219.056,3397838559,0.774884136,3650.96,1103.336,4028235.603,3.309019193,3767.2,1425.2,5369013.44,2.643278136,22076,14738,325356088,1.497896594,5168,2404,12423872,2.149750416,12565.712,5298.472,66579073.19,2.371572786,576,408,235008,1.411764706,-8,-4,719.84,829.62,597193.6608,0.867674357,2080.4,934.6,1944341.84,2.225979028
0.041,94,6,0,0,84,16,0,0,,,0,159.38,62.34,1.046237315,9935.7492,2.55662496,227.062,183.452,41654.97802,1.237718858,238.8,348.04,83111.952,0.686128031,89.66,150.64,13506.3824,0.59519384,108.54,183.44,19910.5776,0.591692106,5,23.08,115.4,0.216637782,268.2,217.4,58306.68,1.233670653,303.38,246.08,74655.7504,1.232851105,349.58,482.16,168553.4928,0.725029036,4615.12,2396.8,11061519.62,1.925534045,2935.6,2201.2,6461842.72,1.333636198,17989.2,49212.4,885291706.1,0.365542018,720.52,1524.6,1098504.792,0.472596091,50790.498,66084.748,3356477261,0.768566115,3722.48,1116.172,4154927.947,3.335041553,3868.6,1512.8,5852418.08,2.557244844,22238,14908,331524104,1.491682318,5384,2488,13395392,2.163987138,13149.206,5480.412,72063066.35,2.39930976,588,416,244608,1.413461538,-16,10,738.92,892.88,659766.8896,0.827569214,2070.2,813.6,1684314.72,2.544493609
0.005,92,6,2,0,74,5,21,0,,,0,159.04,62.86,1.042370303,9997.2544,2.530066815,226.718,184,41716.112,1.232163043,238,363.8,86584.4,0.654205607,89.78,161.77,14523.7106,0.554985473,108.64,185.62,20165.7568,0.585281758,5,22.51,112.55,0.222123501,267.9,217.85,58362.015,1.229745238,303.16,245.07,74295.4212,1.237034317,347.6,518.115,180096.774,0.670893527,4706.52,3722,17517667.44,1.264513702,2969.6,3136.4,9313853.44,0.946818008,17958,44160.7,793037850.6,0.406651163,721.14,1302.733,939452.8756,0.553559325,50883.51,66994.79,3408930067,0.759514434,3712.98,1199.192,4452575.912,3.096234798,3844.4,1331.6,5119203.04,2.887053169,22220,14807,329011540,1.500641588,5348,2878,15391544,1.858234885,13049.792,6491.188,84708653.23,2.010385772,586,426,249636,1.375586854,-28,18,735.9,858.81,631998.279,0.856883362,2074,1126.9,2337190.6,1.840447245
0.122,88,12,0,0,92,3,5,0,,,0,157.76,61.27,1.046107887,9665.9552,2.574832708,225.124,182.316,41043.70718,1.234801115,237.6,349.82,83117.232,0.679206449,90.32,155.47,14042.0504,0.580948093,109.08,185.62,20247.4296,0.587652193,5,24.19,120.95,0.206696982,266.4,215.95,57529.08,1.233618893,301.76,244.49,73777.3024,1.234242709,337.16,469.855,158416.3118,0.717583084,6220.24,2714.4,16884219.46,2.291570881,4031.2,2416.6,9741797.92,1.668128776,17978.4,46567.7,837212737.7,0.386070173,729.04,1400.665,1021140.812,0.520495622,51312.096,66181.234,3395897832,0.775326976,3650.96,1100.986,4019655.847,3.31608213,3767.2,1435.4,5407438.88,2.624494914,22076,14749,325598924,1.496779443,5168,2394,12372192,2.158730159,12565.712,5270.986,66233692.03,2.383939551,576,408,235008,1.411764706,-8,-4,719.84,833.59,600051.4256,0.863542029,2080.4,918.3,1910431.32,2.26549058
0.107,83,17,0,0,92,8,0,0,,,0,156.41,61.42,1.04058947,9606.7022,2.546564637,223.509,182.476,40785.02828,1.224867928,236.6,346.52,81986.632,0.682788872,90.87,152.32,13841.3184,0.596573004,109.53,184.72,20232.3816,0.592951494,5,24.04,120.2,0.207986689,264.9,216.2,57271.38,1.225254394,300.41,245.04,73612.4664,1.225963108,326.81,466.08,152319.6048,0.701188637,7557.84,2398.4,18126723.46,3.151200801,4944.2,2195.6,10855485.52,2.251867371,17969.4,48101.2,864349703.3,0.37357488,736.14,1469.8,1081978.572,0.500843652,51746.761,65992.124,3414878669,0.784135407,3591.36,1089.236,3911838.601,3.297136709,3682.7,1486.4,5473965.28,2.477596878,21941,14804,324814564,1.482099433,4988,2344,11691872,2.127986348,12079.467,5133.556,62010620.29,2.353040855,566,408,230928,1.387254902,-8,-9,703.94,853.44,600770.5536,0.824826584,2088.9,836.8,1747991.52,2.496295411
0.175,84,16,0,0,91,8,1,0,,,0,156.68,61.505,1.041097996,9636.6034,2.547435168,223.832,182.566,40864.11291,1.226033325,236.8,347.37,82257.216,0.681693871,90.76,152.74,13862.6824,0.594212387,109.44,184.74,20217.9456,0.59240013,5,23.95,119.75,0.208768267,265.2,216.3,57362.76,1.226074896,300.68,245.06,73684.6408,1.226964825,328.88,468.845,154193.7436,0.701468502,7290.32,2461.4,17944393.65,2.961859105,4761.6,2240.5,10668364.8,2.125239902,17971.2,47933.4,861420718.1,0.374920202,734.72,1462.823,1074765.315,0.502261723,51659.828,66041.524,3411693771,0.782232524,3603.28,1094.953,3945422.246,3.290807916,3699.6,1479.5,5473558.2,2.500574518,21968,14806,325258208,1.483722815,5024,2372,11916928,2.118043845,12176.716,5204.399,63372488.57,2.33969686,568,409,232312,1.388753056,-9,-7,707.12,854.4,604163.328,0.827621723,2087.2,850.2,1774537.44,2.454951776
0.021,78,13,9,0,83,0,17,0,,,0,155.96,61.945,1.036308549,9660.9422,2.51771733,223.253,183.03,40861.99659,1.219761788,233.8,359.45,84039.41,0.650438169,90.97,161.14,14658.9058,0.564540151,109.62,186.34,20426.5908,0.588279489,5,23.47,117.35,0.213037921,264.75,216.7,57371.325,1.221735118,300.5,244.34,73424.17,1.22984366,326.18,497.005,162113.0909,0.656291184,6899.06,3471,23946637.26,1.987628925,4366.8,2953.3,12896470.44,1.47861714,17836.2,44137.4,787243493.9,0.404106268,733.25,1296.391,950578.7008,0.565608678,51817.583,66739.3,3458269217,0.776417838,3596.29,1159.489,4169858.696,3.101616315,3641.4,1342.7,4889307.78,2.711998213,21968,14734,323676512,1.490973259,4970,2676,13299720,1.857249626,12021.1,5991.031,72018782.75,2.006516074,565,417,235605,1.354916067,-26,-5,703.07,830.32,583773.0824,0.846745833,2099.2,1087.8,2283509.76,1.929766501
0.12,87,13,0,0,91,4,5,0,,,0,157.49,61.385,1.044562473,9667.52365,2.565610491,224.801,182.438,41012.24484,1.232204913,237.4,350.01,83092.374,0.678266335,90.43,155.26,14040.1618,0.582442355,109.17,185.46,20246.6682,0.588644452,5,24.07,120.35,0.207727462,266.1,216.1,57504.21,1.231374364,301.49,244.62,73750.4838,1.232483035,335.09,471.865,158117.2429,0.710139553,6487.76,2714.2,17609078.19,2.390302852,4213.8,2417.3,10186018.74,1.743184545,17976.6,46706.6,839625865.6,0.384883507,730.46,1407.515,1028133.407,0.518971379,51399.029,66192.812,3402246264,0.776504691,3639.04,1104.353,4018784.741,3.295178263,3750.3,1438.7,5395556.61,2.606728296,22049,14762,325487338,1.493632299,5132,2412,12378384,2.127694859,12468.463,5314.343,66261689.06,2.346190865,574,409,234766,1.403422983,-9,-4,716.66,838.52,600933.7432,0.854672518,2082.1,915.4,1905954.34,2.274524798
0.074,86,14,0,0,87,13,0,0,,,0,157.22,61.995,1.040462848,9746.8539,2.536010969,224.478,183.086,41098.77911,1.226079547,237.2,347.47,82419.884,0.682648862,90.54,151.27,13695.9858,0.598532425,109.26,183.92,20095.0992,0.594062636,5,23.44,117.2,0.21331058,265.8,216.95,57665.31,1.225167089,301.22,245.69,74006.7418,1.226016525,333.02,476.13,158560.8126,0.699430828,6755.28,2397.4,16195108.27,2.817752565,4396.4,2199.1,9668123.24,1.999181483,17974.8,48795.7,877092948.4,0.368368524,731.88,1504.05,1100784.114,0.486606163,51485.962,66050.014,3400648511,0.779499638,3627.12,1106.071,4011852.246,3.279283156,3733.4,1502.9,5610926.86,2.484130681,22022,14869,327445118,1.481067994,5096,2434,12403664,2.093672966,12371.214,5350.341,66190213.48,2.312229071,572,413,236236,1.384987893,-13,-1,713.48,878.09,626499.6532,0.8125363,2083.8,822.3,1713508.74,2.534111638
0.197,85,15,0,0,90,7,3,0,,,0,156.95,61.56,1.041761125,9661.842,2.549545159,224.155,182.624,40936.08272,1.227412607,237,348.88,82684.56,0.67931667,90.65,153.79,13941.0635,0.589440146,109.35,184.94,20223.189,0.591272845,5,23.89,119.45,0.209292591,265.5,216.35,57440.925,1.227178183,300.95,244.97,73723.7215,1.228517778,330.95,472.365,156329.1968,0.700623459,7022.8,2587.6,18172197.28,2.714020714,4579,2329.6,10667238.4,1.965573489,17973,47458.9,852978809.7,0.378706628,733.3,1442.019,1057432.533,0.508523119,51572.895,66128.746,3410450874,0.779886178,3615.2,1103.02,3987637.904,3.277547098,3716.5,1462.4,5435009.6,2.54137035,21995,14797,325460015,1.486449956,5060,2410,12194600,2.099585062,12273.965,5302.728,65085497.88,2.314651063,570,410,233700,1.390243902,-10,-5,710.3,851.39,604742.317,0.834282761,2085.5,879.9,1835031.45,2.3701557
0.11,92,8,0,0,91,1,8,0,,,0,158.84,61.295,1.049771813,9736.0978,2.591402235,226.416,182.342,41285.14627,1.241710632,238.4,351.99,83914.416,0.677291969,89.88,157.15,14124.642,0.571937639,108.72,186,20221.92,0.584516129,5,24.16,120.8,0.206953642,267.6,215.95,57788.22,1.239175735,302.84,244.29,73980.7836,1.239674158,345.44,474.13,163783.4672,0.728576551,5150.16,2903.8,14955034.61,1.773593223,3300.8,2549.9,8416709.92,1.294482137,17985.6,45786.5,823497674.4,0.392814476,723.36,1366.034,988134.3542,0.52953294,50964.364,66306.278,3379257287,0.768620492,3698.64,1111.403,4110679.592,3.32790176,3834.8,1408.1,5399781.88,2.723386123,22184,14729,326748136,1.506144341,5312,2442,12971904,2.175266175,12954.708,5396.801,69913981.09,2.40044204,584,409,238856,1.427872861,-9,1,732.56,826.61,605541.4216,0.886222039,2073.6,964.3,1999572.48,2.150368143
0.181,85,15,0,0,91,5,4,0,,,0,156.95,61.415,1.042511096,9639.08425,2.555564601,224.155,182.47,40901.56285,1.228448512,237,349.35,82795.95,0.678402748,90.65,154.63,14017.2095,0.586238117,109.35,185.28,20260.368,0.590187824,5,24.04,120.2,0.207986689,265.5,216.15,57387.825,1.228313671,300.95,244.73,73651.4935,1.229722551,330.95,471.11,155913.8545,0.702489864,7022.8,2651,18617442.8,2.649113542,4579,2373.1,10866424.9,1.929543635,17973,47013.3,844970040.9,0.382296074,733.3,1421.342,1042270.089,0.515920869,51572.895,66154.99,3411804353,0.779576794,3615.2,1102.003,3983961.246,3.280571831,3716.5,1448.9,5384836.85,2.565049348,21995,14773,324932135,1.488864821,5060,2402,12154120,2.106577852,12273.965,5286.857,64890697.78,2.321599582,570,409,233130,1.393643032,-9,-6,710.3,842.49,598420.647,0.84309606,2085.5,899.1,1875073.05,2.319541764
0.179,84,16,0,0,89,7,4,0,,,0,156.68,61.645,1.040375173,9658.5386,2.541649769,223.832,182.714,40897.24005,1.225040227,236.8,349.73,82816.064,0.677093758,90.76,154.21,13996.0996,0.588548084,109.44,184.96,20242.0224,0.591695502,5,23.8,119,0.210084034,265.2,216.45,57402.54,1.225225225,300.68,244.99,73663.5932,1.227315401,328.88,475.13,156260.7544,0.692189506,7290.32,2650.6,19323722.19,2.750441409,4761.6,2374.5,11306419.2,2.00530638,17971.2,47291.1,849877816.3,0.380012307,734.72,1435.042,1054354.058,0.511985015,51659.828,66178.146,3418751640,0.780617638,3603.28,1108.737,3995089.857,3.249896053,3699.6,1455.5,5384767.8,2.541806939,21968,14799,325104432,1.484424623,5024,2438,12248512,2.060705496,12176.716,5373.571,65432447.97,2.266037985,568,411,233448,1.381995134,-11,-5,707.12,852.35,602713.732,0.829612248,2087.2,893.3,1864495.76,2.336505093
0.23,84,16,0,0,90,7,3,0,,,0,156.68,61.56,1.04081391,9645.2208,2.545159194,223.832,182.624,40877.09517,1.225643946,236.8,348.88,82614.784,0.678743407,90.76,153.79,13957.9804,0.590155407,109.44,184.94,20239.8336,0.59175949,5,23.89,119.45,0.209292591,265.2,216.35,57376.02,1.225791541,300.68,244.97,73657.5796,1.227415602,328.88,472.365,155351.4012,0.696241254,7290.32,2587.6,18864432.03,2.817406091,4761.6,2329.6,11092623.36,2.043956044,17971.2,47458.9,852893383.7,0.378668701,734.72,1442.019,1059480.2,0.50950785,51659.828,66128.746,3416199644,0.781200781,3603.28,1103.02,3974489.906,3.266740404,3699.6,1462.4,5410295.04,2.529814004,21968,14797,325060496,1.484625262,5024,2410,12107840,2.084647303,12176.716,5302.728,64569812.88,2.296311634,568,410,232880,1.385365854,-10,-6,707.12,851.39,602034.8968,0.830547693,2087.2,879.9,1836527.28,2.372087737
0.03,76,8,16,0,85,6,9,0,,,0,156.12,61.955,1.03681745,9672.4146,2.519893471,223.664,183.042,40939.90589,1.221927208,232,353.79,82079.28,0.65575624,90.84,156.52,14218.2768,0.580373115,109.52,185.22,20285.2944,0.591296836,5,23.47,117.35,0.213037921,265.2,216.8,57495.36,1.223247232,301.08,244.96,73752.5568,1.229098628,329.6,486.945,160497.072,0.676873158,5881.36,2965.8,17442937.49,1.98306022,3572.8,2598.3,9283206.24,1.375052919,17736,46313.2,821410915.2,0.382957774,728.32,1393.307,1014773.354,0.522727583,51708.46,66413.568,3434143324,0.778582774,3622.64,1133.955,4107910.741,3.194694675,3641.2,1417.7,5162129.24,2.568385413,22040,14796,326103840,1.489591782,5024,2560,12861440,1.9625,12159.396,5684.429,69119223.24,2.139070784,568,415,235720,1.368674699,-31,-9,708.4,852.22,603712.648,0.831240759,2104,963.2,2026572.8,2.184385382
0.158,84,16,0,0,90,6,4,0,,,0,156.68,61.53,1.040968847,9640.5204,2.54640013,223.832,182.592,40869.93254,1.225858745,236.8,349.54,82771.072,0.677461807,90.76,154.42,14015.1592,0.587747701,109.44,185.12,20259.5328,0.591184097,5,23.92,119.6,0.2090301,265.2,216.3,57362.76,1.226074896,300.68,244.86,73624.5048,1.227967002,328.88,473.12,155599.7056,0.6951302,7290.32,2650.8,19325180.26,2.750233892,4761.6,2373.8,11303086.08,2.005897717,17971.2,47152.2,847381616.6,0.381131739,734.72,1428.192,1049321.226,0.514440635,51659.828,66166.568,3418153522,0.780754232,3603.28,1105.37,3982957.614,3.259795363,3699.6,1452.2,5372559.12,2.547582978,21968,14786,324818848,1.485729744,5024,2420,12158080,2.076033058,12176.716,5330.214,64904502.1,2.28447038,568,410,232880,1.385365854,-10,-6,707.12,847.42,599227.6304,0.834438649,2087.2,896.2,1870548.64,2.328944432
0.106,85,15,0,0,87,6,7,0,,,0,156.95,61.785,1.040599511,9697.15575,2.540260581,224.155,182.862,40989.43161,1.225815096,237,352.09,83445.33,0.673123349,90.65,155.68,14112.392,0.582284173,109.35,185.18,20249.433,0.590506534,5,23.65,118.25,0.21141649,265.5,216.6,57507.3,1.225761773,300.95,244.92,73708.674,1.228768577,330.95,481.415,159324.2943,0.687452614,7022.8,2839.8,19943347.44,2.472991056,4579,2508.5,11486421.5,1.825393662,17973,46648.8,838418882.4,0.385283223,733.3,1407.261,1031944.491,0.521083154,51572.895,66314.768,3420044567,0.777698491,3615.2,1122.521,4058137.919,3.2206079,3716.5,1431.5,5320169.75,2.596227733,21995,14792,325350040,1.486952407,5060,2504,12670240,2.020766773,12273.965,5542.743,68031433.59,2.21442073,570,413,235410,1.380145278,-13,-2,710.3,850.3,603968.09,0.835352229,2085.5,936.4,1952862.2,2.227146519
0.192,83,17,0,0,90,7,3,0,,,0,156.41,61.56,1.039866695,9628.5996,2.540773229,223.509,182.624,40818.10762,1.223875285,236.6,348.88,82545.008,0.678170144,90.87,153.79,13974.8973,0.590870668,109.53,184.94,20256.4782,0.592246134,5,23.89,119.45,0.209292591,264.9,216.35,57311.115,1.224404899,300.41,244.97,73591.4377,1.226313426,326.81,472.365,154373.6057,0.69185905,7557.84,2587.6,19556666.78,2.920791467,4944.2,2329.6,11518008.32,2.122338599,17969.4,47458.9,852807957.7,0.378630773,736.14,1442.019,1061527.867,0.51049258,51746.761,66128.746,3421948414,0.782515383,3591.36,1103.02,3961341.907,3.255933709,3682.7,1462.4,5385580.48,2.518257659,21941,14797,324660977,1.482800568,4988,2410,12021080,2.069709544,12079.467,5302.728,64054127.89,2.277972206,566,410,232060,1.380487805,-10,-7,703.94,851.39,599327.4766,0.826812624,2088.9,879.9,1838023.11,2.374019775
0.07,74,11,15,0,92,3,5,0,,,0,155.48,61.27,1.038097657,9526.2596,2.537620369,222.867,182.316,40632.21997,1.22242151,231.8,349.82,81088.276,0.662626494,91.11,155.47,14164.8717,0.586029459,109.74,185.62,20369.9388,0.591207844,5,24.19,120.95,0.206696982,264.45,215.95,57107.9775,1.224589025,300.38,244.49,73439.9062,1.228598307,324.38,469.855,152411.5649,0.690383203,6638.22,2714.4,18018784.37,2.445557029,4103.6,2416.6,9916759.76,1.698088223,17746.2,46567.7,826399717.7,0.381083884,732.27,1400.665,1025664.96,0.522801669,51922.753,66181.234,3436311866,0.784554017,3591.63,1100.986,3954334.347,3.26219407,3602.6,1435.4,5171172.04,2.509823046,21968,14749,324006032,1.489456912,4934,2394,11811996,2.060985798,11917.356,5270.986,62816216.63,2.260934861,563,408,229704,1.379901961,-23,-18,700.37,833.59,583821.4283,0.840185223,2107.2,918.3,1935041.76,2.294674943
0.152,84,15,1,0,90,7,3,0,,,0,156.78,61.56,1.04116473,9651.3768,2.546783626,223.983,182.624,40904.67139,1.226470781,236.6,348.88,82545.008,0.678170144,90.71,153.79,13950.2909,0.589830288,109.4,184.94,20232.436,0.591543203,5,23.89,119.45,0.209292591,265.35,216.35,57408.4725,1.226484862,300.84,244.97,73696.7748,1.228068743,329.96,472.365,155861.5554,0.698527622,7068.5,2587.6,18290450.6,2.731681867,4596,2329.6,10706841.6,1.972870879,17957.4,47458.9,852238450.9,0.378377923,733.61,1442.019,1057879.559,0.508738096,51619.401,66128.746,3413526257,0.780589443,3610.45,1103.02,3982398.559,3.273240739,3704.4,1462.4,5417314.56,2.53309628,21986,14797,325326842,1.485841725,5042,2410,12151220,2.092116183,12224.258,5302.728,64821915.18,2.305277208,569,410,233290,1.387804878,-11,-6,708.79,851.39,603456.7181,0.832509191,2087.4,879.9,1836703.26,2.372315036
0.114,83,17,0,0,90,3,7,0,,,0,156.41,61.44,1.040486155,9609.8304,2.545735677,223.509,182.496,40789.49846,1.224733693,236.6,351.52,83169.632,0.673076923,90.87,156.31,14203.8897,0.581344764,109.53,185.66,20335.3398,0.58994937,5,24.01,120.05,0.208246564,264.9,216.15,57258.135,1.225537821,300.41,244.53,73459.2573,1.228520018,326.81,475.385,155360.5719,0.687463845,7557.84,2840.4,21467288.74,2.660836502,4944.2,2506.4,12392142.88,1.972630067,17969.4,46232.1,830763097.7,0.388677996,736.14,1386.711,1020813.436,0.53085322,51746.761,66280.034,3429777078,0.780729246,3591.36,1112.42,3995100.691,3.22842092,3682.7,1421.6,5235326.32,2.590531795,21941,14753,323695573,1.487222938,4988,2450,12220600,2.035918367,12079.467,5412.672,65382192.81,2.231701274,566,410,232060,1.380487805,-10,-7,703.94,835.51,588148.9094,0.842527319,2088.9,945.1,1974219.39,2.210242302
0.158,84,16,0,0,90,8,2,0,,,0,156.68,61.59,1.040659019,9649.9212,2.543919467,223.832,182.656,40884.25779,1.225429222,236.8,348.22,82458.496,0.680029866,90.76,153.16,13900.8016,0.59258292,109.44,184.76,20220.1344,0.592336003,5,23.86,119.3,0.209555742,265.2,216.4,57389.28,1.225508318,300.68,245.08,73690.6544,1.226864697,328.88,471.61,155103.0968,0.697355866,7290.32,2524.4,18403683.81,2.887941689,4761.6,2285.4,10882160.64,2.083486479,17971.2,47765.6,858405150.7,0.376237292,734.72,1455.846,1069639.173,0.504668763,51659.828,66090.924,3414245766,0.78164784,3603.28,1100.67,3966022.198,3.273715101,3699.6,1472.6,5448030.96,2.512291186,21968,14808,325302144,1.48352242,5024,2400,12057600,2.093333333,12176.716,5275.242,64235123.67,2.308276284,568,410,232880,1.385365854,-10,-6,707.12,855.36,604842.1632,0.826692854,2087.2,863.6,1802505.92,2.416859657
0.03,70,18,12,0,67,22,11,0,,,0,154.1,63.965,1.019596983,9857.0065,2.409129993,221.122,185.174,40946.04523,1.194130926,231.6,358.53,83035.548,0.645971048,91.7,154,14121.8,0.595454545,110.22,182.7,20137.194,0.603284072,5,21.37,106.85,0.233972859,262.8,219.4,57658.32,1.197812215,298.82,247.08,73832.4456,1.20940586,312.86,524.635,164137.3061,0.596338407,8373.76,3088.6,25863195.14,2.71118306,5330.8,2699.3,14389428.44,1.974882377,17780.4,48200,857015280,0.368887967,741.28,1488.953,1103731.08,0.497853189,52391.766,66697.616,3494405890,0.785511824,3522.44,1199.261,4224324.917,2.937175477,3520.6,1456.7,5128458.02,2.416832567,21806,15008,327264448,1.452958422,4736,2904,13753344,1.630853994,11385.734,6519.827,74233015.95,1.746324557,552,433,239016,1.27482679,-45,3,682.64,933.02,636916.7728,0.731645624,2113.4,943.6,1994204.24,2.23972022
